{
    "Group :Center": {
        "Quaternion :Rotate": [
            -0.10999999940395355,
            0.0,
            0.0,
            1.0
        ],
        "Vector3 :Scale": [
            0.009999999776482582,
            0.009999999776482582,
            0.009999999776482582
        ],
        "Vector3 :Translate": [
            0.0,
            -0.03999999910593033,
            1.1699999570846558
        ]
    },
    "float :Border": 0.0,
    "float :Scale": 1.0199999809265137
}
