{
    "Group :Center": {
        "Quaternion :Rotate": [
            -0.44999998807907104,
            0.0,
            0.0,
            1.0
        ],
        "Vector3 :Scale": [
            0.004999999888241291,
            0.004999999888241291,
            0.004999999888241291
        ],
        "Vector3 :Translate": [
            0.0,
            -0.3100000023841858,
            1.4700000286102295
        ]
    },
    "float :Border": 22.229997634887695,
    "float :Scale": 0.10000000149011612
}
