{
    "Group :Cockpit": {
        "Quaternion :Rotate": [
            0.0,
            0.0,
            0.0,
            1.0
        ],
        "Vector3 :Scale": [
            0.5,
            0.5,
            0.800000011920929
        ],
        "Vector3 :Translate": [
            0.0,
            9.0,
            -0.44999998807907104
        ]
    },
    "Group :GaugeDistance": {
        "float :Distance": -0.029999999329447746
    },
    "Group :HPCircle": {
        "Quaternion :Rotate": [
            0.27000001072883606,
            0.0,
            0.0,
            0.949999988079071
        ],
        "Vector3 :Scale": [
            0.11999999731779099,
            0.11999999731779099,
            1.0
        ],
        "Vector3 :Translate": [
            0.0,
            -0.44999998807907104,
            1.4700000286102295
        ]
    },
    "Group :HPNum": {
        "Quaternion :Rotate": [
            0.0,
            0.0,
            0.0,
            1.0
        ],
        "Vector3 :Scale": [
            0.10000000149011612,
            0.10000000149011612,
            1.0
        ],
        "Vector3 :Translate": [
            0.0,
            -0.3199999928474426,
            1.5099999904632568
        ]
    },
    "Group :LeftArm": {
        "Quaternion :Rotate": [
            0.0,
            -0.2199999988079071,
            0.0,
            1.0
        ],
        "Vector3 :Scale": [
            0.07500000298023224,
            0.07500000298023224,
            1.0
        ],
        "Vector3 :Translate": [
            -0.5879999995231628,
            -0.43700000643730164,
            1.3660000562667847
        ]
    },
    "Group :LeftShoulder": {
        "Quaternion :Rotate": [
            0.0,
            -0.2199999988079071,
            0.0,
            1.0
        ],
        "Vector3 :Scale": [
            0.07500000298023224,
            0.07500000298023224,
            1.0
        ],
        "Vector3 :Translate": [
            -0.6330000162124634,
            -0.24199999868869781,
            1.36899995803833
        ]
    },
    "Group :NumBullet": {
        "Vector3 :Scale": [
            1.0,
            1.0,
            1.0
        ],
        "Vector3 :Translate": [
            1.2400000095367432,
            0.44999998807907104,
            -0.03999999910593033
        ],
        "int32_t :BulletNumDigit": 2
    },
    "Group :RightArm": {
        "Quaternion :Rotate": [
            0.0,
            0.2199999988079071,
            0.0,
            1.0
        ],
        "Vector3 :Scale": [
            0.07500000298023224,
            0.07500000298023224,
            1.0
        ],
        "Vector3 :Translate": [
            0.3479999899864197,
            -0.43700000643730164,
            1.4809999465942383
        ]
    },
    "Group :RightShoulder": {
        "Quaternion :Rotate": [
            0.0,
            0.2199999988079071,
            0.0,
            1.0
        ],
        "Vector3 :Scale": [
            0.07500000298023224,
            0.07500000298023224,
            1.0
        ],
        "Vector3 :Translate": [
            0.3930000066757202,
            -0.24199999868869781,
            1.4789999723434448
        ]
    }
}
