{
    "Group :LeftArm": {
        "Quaternion :Rotate": [
            0.0,
            -0.20999999344348907,
            0.0,
            1.0
        ],
        "Vector3 :Scale": [
            0.10000000149011612,
            0.10000000149011612,
            1.0
        ],
        "Vector3 :Translate": [
            -0.25,
            8.670000076293945,
            2.299999952316284
        ]
    },
    "Group :LeftShoulder": {
        "Quaternion :Rotate": [
            0.0,
            -0.28999999165534973,
            0.0,
            1.0
        ],
        "Vector3 :Scale": [
            0.10000000149011612,
            0.10000000149011612,
            1.0
        ],
        "Vector3 :Translate": [
            -0.3499999940395355,
            8.899999618530273,
            2.299999952316284
        ]
    },
    "Group :RightArm": {
        "Quaternion :Rotate": [
            0.0,
            0.20999999344348907,
            0.0,
            1.0
        ],
        "Vector3 :Scale": [
            0.10000000149011612,
            0.10000000149011612,
            1.0
        ],
        "Vector3 :Translate": [
            0.25,
            8.670000076293945,
            2.299999952316284
        ]
    },
    "Group :RightShoulder": {
        "Quaternion :Rotate": [
            0.0,
            0.28999999165534973,
            0.0,
            1.0
        ],
        "Vector3 :Scale": [
            0.10000000149011612,
            0.10000000149011612,
            1.0
        ],
        "Vector3 :Translate": [
            0.3499999940395355,
            8.899999618530273,
            2.299999952316284
        ]
    }
}
