{
    "Group :Cockpit": {
        "Quaternion :Rotate": [
            0.0,
            0.0,
            0.0,
            1.0
        ],
        "Vector3 :Scale": [
            0.5,
            0.5,
            0.800000011920929
        ],
        "Vector3 :Translate": [
            0.0,
            9.0,
            0.1899999976158142
        ]
    },
    "Group :LeftArm": {
        "Quaternion :Rotate": [
            0.0,
            -0.2199999988079071,
            0.0,
            1.0
        ],
        "Vector3 :Scale": [
            0.07500000298023224,
            0.07500000298023224,
            1.0
        ],
        "Vector3 :Translate": [
            -0.4749999940395355,
            -0.3700000047683716,
            1.4199999570846558
        ]
    },
    "Group :LeftShoulder": {
        "Quaternion :Rotate": [
            0.0,
            -0.2199999988079071,
            0.0,
            1.0
        ],
        "Vector3 :Scale": [
            0.07500000298023224,
            0.07500000298023224,
            1.0
        ],
        "Vector3 :Translate": [
            -0.5099999904632568,
            -0.17000000178813934,
            1.4249999523162842
        ]
    },
    "Group :RightArm": {
        "Quaternion :Rotate": [
            0.0,
            0.20999999344348907,
            0.0,
            1.0
        ],
        "Vector3 :Scale": [
            0.10000000149011612,
            0.10000000149011612,
            1.0
        ],
        "Vector3 :Translate": [
            0.25,
            0.0,
            2.299999952316284
        ]
    },
    "Group :RightShoulder": {
        "Quaternion :Rotate": [
            0.0,
            0.28999999165534973,
            0.0,
            1.0
        ],
        "Vector3 :Scale": [
            0.10000000149011612,
            0.10000000149011612,
            1.0
        ],
        "Vector3 :Translate": [
            0.3499999940395355,
            0.0,
            2.299999952316284
        ]
    }
}
