{
    "Group :Cockpit": {
        "Quaternion :Rotate": [
            0.0,
            0.0,
            0.0,
            1.0
        ],
        "Vector3 :Scale": [
            0.5,
            0.5,
            0.800000011920929
        ],
        "Vector3 :Translate": [
            0.0,
            8.970000267028809,
            0.1899999976158142
        ]
    },
    "Group :HPCircle": {
        "Quaternion :Rotate": [
            0.27000001072883606,
            0.0,
            0.0,
            1.0
        ],
        "Vector3 :Scale": [
            0.11999999731779099,
            0.11999999731779099,
            1.0
        ],
        "Vector3 :Translate": [
            0.0,
            -0.44999998807907104,
            1.5099999904632568
        ]
    },
    "Group :LeftArm": {
        "Quaternion :Rotate": [
            0.0,
            -0.2199999988079071,
            0.0,
            1.0
        ],
        "Vector3 :Scale": [
            0.07500000298023224,
            0.07500000298023224,
            1.0
        ],
        "Vector3 :Translate": [
            -0.46799999475479126,
            -0.367000013589859,
            1.4210000038146973
        ]
    },
    "Group :LeftShoulder": {
        "Quaternion :Rotate": [
            0.0,
            -0.2199999988079071,
            0.0,
            1.0
        ],
        "Vector3 :Scale": [
            0.07500000298023224,
            0.07500000298023224,
            1.0
        ],
        "Vector3 :Translate": [
            -0.503000020980835,
            -0.16699999570846558,
            1.3990000486373901
        ]
    },
    "Group :NumBullet": {
        "Vector3 :Scale": [
            1.0,
            1.0,
            1.0
        ],
        "Vector3 :Translate": [
            0.029999999329447746,
            -0.4099999964237213,
            -0.03999999910593033
        ],
        "int32_t :BulletNumDigit": 2
    },
    "Group :RightArm": {
        "Quaternion :Rotate": [
            0.0,
            0.2199999988079071,
            0.0,
            1.0
        ],
        "Vector3 :Scale": [
            0.07500000298023224,
            0.07500000298023224,
            1.0
        ],
        "Vector3 :Translate": [
            0.46799999475479126,
            -0.367000013589859,
            1.4210000038146973
        ]
    },
    "Group :RightShoulder": {
        "Quaternion :Rotate": [
            0.0,
            0.2199999988079071,
            0.0,
            1.0
        ],
        "Vector3 :Scale": [
            0.07500000298023224,
            0.07500000298023224,
            1.0
        ],
        "Vector3 :Translate": [
            0.503000020980835,
            -0.16699999570846558,
            1.3990000486373901
        ]
    }
}
