{
    "Vector2 :point0": [
        0.0,
        0.009999990463256836
    ],
    "Vector2 :point1": [
        0.16500002145767212,
        0.824999988079071
    ],
    "Vector2 :point2": [
        0.4925000071525574,
        1.0
    ],
    "Vector2 :point3": [
        0.75,
        0.875
    ],
    "Vector2 :point4": [
        0.9025000333786011,
        0.5249999761581421
    ],
    "Vector2 :point5": [
        1.0,
        0.004999995231628418
    ]
}
