{
    "Group :Left": {
        "Vector2 :max": [
            0.30000001192092896,
            0.30000001192092896
        ],
        "Vector2 :min": [
            -0.30000001192092896,
            -0.30000001192092896
        ]
    },
    "Group :Right": {
        "Vector2 :max": [
            0.30000001192092896,
            0.30000001192092896
        ],
        "Vector2 :min": [
            -0.30000001192092896,
            -0.30000001192092896
        ]
    }
}
