{
    "Group :LeftBottom": {
        "Vector3 :Scale": [
            0.20000000298023224,
            0.20000000298023224,
            1.0
        ],
        "Vector3 :Translate": [
            -0.47999998927116394,
            8.720000267028809,
            2.299999952316284
        ]
    },
    "Group :LeftTop": {
        "Vector3 :Scale": [
            0.20000000298023224,
            0.20000000298023224,
            1.0
        ],
        "Vector3 :Translate": [
            -0.47999998927116394,
            9.260000228881836,
            2.299999952316284
        ]
    },
    "Group :RightBottom": {
        "Vector3 :Scale": [
            0.20000000298023224,
            0.20000000298023224,
            1.0
        ],
        "Vector3 :Translate": [
            0.47999998927116394,
            8.720000267028809,
            2.299999952316284
        ]
    },
    "Group :RightTop": {
        "Vector3 :Scale": [
            0.20000000298023224,
            0.20000000298023224,
            1.0
        ],
        "Vector3 :Translate": [
            0.47999998927116394,
            9.260000228881836,
            2.299999952316284
        ]
    }
}
