{
    "Group :LeftBottom": {
        "Vector3 :Scale": [
            0.4300000071525574,
            0.4300000071525574,
            1.0
        ],
        "Vector3 :Translate": [
            -1.0299999713897705,
            8.40999984741211,
            2.299999952316284
        ]
    },
    "Group :LeftTop": {
        "Vector3 :Scale": [
            0.4300000071525574,
            0.4300000071525574,
            1.0
        ],
        "Vector3 :Translate": [
            -1.0299999713897705,
            9.569999694824219,
            2.299999952316284
        ]
    },
    "Group :RightBottom": {
        "Vector3 :Scale": [
            0.4300000071525574,
            0.4300000071525574,
            1.0
        ],
        "Vector3 :Translate": [
            1.0299999713897705,
            8.40999984741211,
            2.299999952316284
        ]
    },
    "Group :RightTop": {
        "Vector3 :Scale": [
            0.4300000071525574,
            0.4300000071525574,
            1.0
        ],
        "Vector3 :Translate": [
            1.0299999713897705,
            9.569999694824219,
            2.299999952316284
        ]
    }
}
