{
    "Group :Homing": {
        "float :Accuracy": 0.0,
        "float :DerayTime": 0.0
    },
    "Vector3 :ColliderSize": [
        0.30000001192092896,
        0.30000001192092896,
        0.30000001192092896
    ],
    "float :AttackPower": 5.0,
    "float :ElapsedTime": 0.5,
    "float :Speed": 1.0,
    "int32_t :ImpactType": 0,
    "int32_t :MovementType": 0
}
