{
    "Group :Homing": {
        "float :Accuracy": 0.0,
        "float :DerayTime": 0.0
    },
    "Vector3 :ColliderSize": [
        0.30000001192092896,
        0.30000001192092896,
        0.30000001192092896
    ],
    "float :AttackPower": 30.0,
    "float :ElapsedTime": 1.0,
    "float :Speed": 0.800000011920929,
    "int32_t :ImpactType": 0,
    "int32_t :MovementType": 0
}
