{
    "Group :Homing": {
        "float :Accuracy": 0.0,
        "float :DerayTime": 0.0
    },
    "Vector3 :ColliderSize": [
        0.699999988079071,
        0.699999988079071,
        0.699999988079071
    ],
    "float :AttackPower": 50.0,
    "float :ElapsedTime": 3.0,
    "float :Speed": 2.0,
    "int32_t :ImpactType": 1,
    "int32_t :MovementType": 0
}
