{
    "Group :Homing": {
        "float :Accuracy": 0.0,
        "float :DerayTime": 0.0
    },
    "Vector3 :ColliderSize": [
        0.4000000059604645,
        0.4000000059604645,
        0.4000000059604645
    ],
    "float :AttackPower": 2.0,
    "float :ElapsedTime": 2.4000000953674316,
    "float :Speed": 2.0,
    "int32_t :ImpactType": 0,
    "int32_t :MovementType": 0
}
