{
    "Group :Prop-0": {
        "Quaternion :Rotate": [
            0.0,
            0.0,
            0.0,
            1.0
        ],
        "Vector3 :Pos": [
            150.0,
            0.0,
            0.0
        ],
        "Vector3 :Scale": [
            1.0,
            1.0,
            1.0
        ],
        "float :Radius": 30.0,
        "int32_t :Priority": 2,
        "string :ModelPath": "Building1/Building1.gltf",
        "string :Name": "Prop"
    },
    "Group :Prop-1": {
        "Quaternion :Rotate": [
            0.0,
            0.7008529305458069,
            0.0,
            -0.7133052349090576
        ],
        "Vector3 :Pos": [
            0.0,
            0.0,
            0.0
        ],
        "Vector3 :Scale": [
            0.10000000149011612,
            0.10000000149011612,
            0.10000000149011612
        ],
        "float :Radius": 1.0,
        "int32_t :Priority": 2,
        "string :ModelPath": "Building2/Building2.gltf",
        "string :Name": "Prop"
    }
}
