{
    "Vector2 :InputDetectionRange": [
        0.5,
        0.009999999776482582
    ],
    "float :MaxBoostSpeed": 3.0,
    "float :MaxBoostTime": 0.5,
    "float :MaxInclination": 0.098125,
    "float :MaxOmega": -12.5,
    "float :MaxSpeed": 0.800000011920929,
    "float :RotThreshold": 0.800000011920929,
    "float :TreadWidth": 9.999999747378752e-05,
    "float :TurnThreshold": 0.9500000476837158,
    "float :TurnTime": 0.20000000298023224
}
