{
    "float :MaxOmega": 0.01899999938905239,
    "float :MaxSpeed": 0.800000011920929,
    "float :RotThreshold": 0.8500000238418579,
    "float :TreadWidth": 2.5,
    "float :TurnTime": 0.20000000298023224
}
